{
   "link_seed3": {
      "normalized_root_mse": 0.2789423973608573,
      "peak_signal_noise_ratio": 16.308164283401595,
      "structural_similarity": 0.2935607817282296
   },
   "link_seed13": {
      "normalized_root_mse": 0.26747664038096475,
      "peak_signal_noise_ratio": 16.672737672819792,
      "structural_similarity": 0.3008643849641317
   },
   "link_seed42": {
      "normalized_root_mse": 0.26504644577321995,
      "peak_signal_noise_ratio": 16.752015169878103,
      "structural_similarity": 0.294300605382028
   },
   "split_seed3": {
      "normalized_root_mse": 0.2676652808153625,
      "peak_signal_noise_ratio": 16.666614025998555,
      "structural_similarity": 0.2379345849750498
   },
   "split_seed13": {
      "normalized_root_mse": 0.2732598271061206,
      "peak_signal_noise_ratio": 16.486939081292586,
      "structural_similarity": 0.24673593360724605
   },
   "split_seed42": {
      "normalized_root_mse": 0.2800309315813704,
      "peak_signal_noise_ratio": 16.27433476213818,
      "structural_similarity": 0.25903535001208233
   }
}