{
   "link_seed3": {
      "normalized_root_mse": 0.40643792528895917,
      "peak_signal_noise_ratio": 13.036425987312168,
      "structural_similarity": 0.5100103461745463
   },
   "link_seed13": {
      "normalized_root_mse": 0.40708161353273853,
      "peak_signal_noise_ratio": 13.022680758226086,
      "structural_similarity": 0.5153178314125576
   },
   "link_seed42": {
      "normalized_root_mse": 0.40902204240737133,
      "peak_signal_noise_ratio": 12.981376243305437,
      "structural_similarity": 0.5047897452097853
   },
   "split_seed3": {
      "normalized_root_mse": 0.4174255931351246,
      "peak_signal_noise_ratio": 12.804729044234076,
      "structural_similarity": 0.4005852990085749
   },
   "split_seed13": {
      "normalized_root_mse": 0.406951804523571,
      "peak_signal_noise_ratio": 13.025450931322677,
      "structural_similarity": 0.486221086355541
   },
   "split_seed42": {
      "normalized_root_mse": 0.4201577335516406,
      "peak_signal_noise_ratio": 12.748063268911684,
      "structural_similarity": 0.4498229390835254
   }
}