{
   "link_seed3": {
      "normalized_root_mse": 0.5019334129360046,
      "peak_signal_noise_ratio": 11.131591834615522,
      "structural_similarity": 0.23699391351667545
   },
   "link_seed13": {
      "normalized_root_mse": 0.49552985872677335,
      "peak_signal_noise_ratio": 11.243117403272421,
      "structural_similarity": 0.24349817431155177
   },
   "link_seed42": {
      "normalized_root_mse": 0.4967844224457209,
      "peak_signal_noise_ratio": 11.221154587621376,
      "structural_similarity": 0.23774150447718825
   },
   "split_seed3": {
      "normalized_root_mse": 0.49535700353243384,
      "peak_signal_noise_ratio": 11.24614782221088,
      "structural_similarity": 0.1931191268088784
   },
   "split_seed13": {
      "normalized_root_mse": 0.49195590511019016,
      "peak_signal_noise_ratio": 11.30599041545432,
      "structural_similarity": 0.20146458955024635
   },
   "split_seed42": {
      "normalized_root_mse": 0.4858738047270455,
      "peak_signal_noise_ratio": 11.414044268722723,
      "structural_similarity": 0.21298072642300428
   }
}