{
   "link_seed3": {
      "normalized_root_mse": 0.1331461963644304,
      "peak_signal_noise_ratio": 22.73994090603148,
      "structural_similarity": 0.6027468997546921
   },
   "link_seed13": {
      "normalized_root_mse": 0.13528856761763633,
      "peak_signal_noise_ratio": 22.60129421883255,
      "structural_similarity": 0.6087160347944583
   },
   "link_seed42": {
      "normalized_root_mse": 0.1419233315003493,
      "peak_signal_noise_ratio": 22.185440247888735,
      "structural_similarity": 0.5963789395420624
   },
   "split_seed3": {
      "normalized_root_mse": 0.16904716148908883,
      "peak_signal_noise_ratio": 20.66635853569176,
      "structural_similarity": 0.47266311321617893
   },
   "split_seed13": {
      "normalized_root_mse": 0.134786170287619,
      "peak_signal_noise_ratio": 22.633609516666855,
      "structural_similarity": 0.5741467458849363
   },
   "split_seed42": {
      "normalized_root_mse": 0.17750613623737913,
      "peak_signal_noise_ratio": 20.242248775233275,
      "structural_similarity": 0.5309279820716661
   }
}